{"index_key": "HNSW15", "index_param": "efSearch=2061", "size in bytes": 15264530, "avg_search_speed_ms": 8.885573333333063, "99p_search_speed_ms": 13.016604720005489, "reconstruction error %": 0.0, "nb vectors": 6989, "vectors dimension": 512, "compression ratio": 0.9376949044615196}